<domain type='kvm'>
  <name>node</name>
  <memory unit='KB'>2097152</memory>
  <currentMemory unit='KB'>2097152</currentMemory>
  <vcpu placement='static'>2</vcpu>
  <os>
    <type arch='x86_64' machine='pc'>hvm</type>
    <boot dev='hd'/>
    <bootmenu enable='yes'/>
    <bios useserial='yes'/>
  </os>
  <features>
    <acpi/>
    <apic/>
  </features>
  <cpu mode='host-passthrough'>
  </cpu>
  <clock offset='localtime'/>
  <on_poweroff>destroy</on_poweroff>
  <on_reboot>restart</on_reboot>
  <on_crash>restart</on_crash>
  <devices>
    <emulator>/usr/libexec/qemu-kvm</emulator>
    <disk type='file' device='disk'>
      <driver name='qemu' type='qcow2'/>
      <source file='/var/lib/libvirt/images/node.img'/>
      <target dev='vda' bus='virtio'/>
    </disk>
    <interface type='bridge'>
      <source bridge='vbr'/>
      <model type='virtio'/>
    </interface>
    <channel type='unix'>
      <target type='virtio' name='org.qemu.guest_agent.0'/>
    </channel>
    <serial type='pty'></serial>
    <console type='pty'>
      <target type='serial'/>
    </console>
    <memballoon model='virtio'></memballoon>
  </devices>
</domain>
